{"global_step": 27, "_timestamp": 1699742803.2183616, "Metrics/EpRet": 23.833518981933594, "Metrics/EpCost": 49.20399856567383, "Metrics/TotalCost": 33011.8984375, "Metrics/EpLen": 1000.0, "Train/Epoch": 27.0, "Train/TotalSteps": 540000.0, "Train/KL": 0.0050135646015405655, "Train/LagragianMultiplier": 0.6862393617630005, "Loss/Loss_reward_critic": 0.017025381326675415, "Loss/Loss_cost_critic": 1.2889328002929688, "Loss/Loss_actor": -0.021424874663352966, "Time/Rollout": 10.261113166809082, "Time/Update": 12.166851043701172, "Time/Total": 22.42796516418457, "Value/RewardAdv": -1.1444091896350983e-08, "Value/CostAdv": -1.4829635297530785e-08, "Misc/Alpha": 0.9171050190925598, "Misc/FinalStepNorm": 0.3161483108997345, "Misc/xHx": 0.023778894916176796, "Misc/gradient_norm": 0.13199415802955627, "Misc/H_inv_g": 0.34472429752349854, "Misc/AcceptanceStep": 1.0, "Risk/Risk Loss": 128.39598083496094, "_runtime": 605.1227765083313, "_step": 26, "_wandb": {"runtime": 647}}