{"global_step": 44, "_timestamp": 1699718505.636323, "Metrics/EpRet": 3.8179240226745605, "Metrics/EpCost": 166.8419952392578, "Metrics/TotalCost": 135288.75, "Metrics/EpLen": 1000.0, "Train/Epoch": 44.0, "Train/TotalSteps": 880000.0, "Train/StopIter": 6.0, "Train/KL": 0.021089978516101837, "Train/LagragianMultiplier": 1.4467672109603882, "Train/LR": 0.00027359998784959316, "Loss/Loss_reward_critic": 0.019094914197921753, "Loss/Loss_cost_critic": 4.763324737548828, "Loss/Loss_actor": -0.05439384654164314, "Time/Rollout": 23.89850425720215, "Time/Update": 4.192710876464844, "Time/Total": 28.091218948364258, "Value/RewardAdv": -4.100799699813251e-09, "Value/CostAdv": -1.9454956756703723e-08, "_runtime": 1095.8093440532684, "_step": 43, "_wandb": {"runtime": 1136}}