{"global_step": 6, "_timestamp": 1699684997.0653288, "Metrics/EpRet": 3.868705987930298, "Metrics/EpCost": 67.427001953125, "Metrics/EpLen": 1000.0, "Train/Epoch": 6.0, "Train/TotalSteps": 120000.0, "Train/StopIter": 15.0, "Train/KL": 0.02202659845352173, "Train/LagragianMultiplier": 0.11391574144363403, "Train/LR": 0.00029639998683705926, "Loss/Loss_reward_critic": 0.011135848239064217, "Loss/Loss_cost_critic": 2.2786316871643066, "Loss/Loss_actor": -0.01965450868010521, "Time/Rollout": 9.38627815246582, "Time/Update": 16.235504150390625, "Time/Total": 25.621782302856445, "Value/RewardAdv": 1.1014938294806598e-08, "Value/CostAdv": 1.916885317143624e-08, "Risk/Risk Loss": 143.37242126464844, "_runtime": 207.2892029285431, "_step": 5, "_wandb": {"runtime": 226}}