{"global_step": 36, "_timestamp": 1699686432.214449, "Metrics/EpRet": 15.255359649658203, "Metrics/EpCost": 60.88600158691406, "Metrics/TotalCost": 51637.1484375, "Metrics/EpLen": 1000.0, "Train/Epoch": 36.0, "Train/TotalSteps": 720000.0, "Train/StopIter": 3.0, "Train/KL": 0.022581804543733597, "Train/LagragianMultiplier": 1.1097028255462646, "Train/LR": 0.0002783999952953309, "Loss/Loss_reward_critic": 0.02442326582968235, "Loss/Loss_cost_critic": 3.619412660598755, "Loss/Loss_actor": -0.0073849824257195, "Time/Rollout": 13.300191879272461, "Time/Update": 9.80936050415039, "Time/Total": 23.109554290771484, "Value/RewardAdv": 0.0, "Value/CostAdv": 3.8146971692576415e-10, "Risk/Risk Loss": 125.99993133544922, "_runtime": 953.3591198921204, "_step": 35, "_wandb": {"runtime": 979}}