{"global_step": 3, "_timestamp": 1699685276.3995578, "Metrics/EpRet": 0.648306667804718, "Metrics/EpCost": 78.99202728271484, "Metrics/EpLen": 1000.0, "Train/Epoch": 3.0, "Train/TotalSteps": 60000.0, "Train/StopIter": 20.0, "Train/KL": 0.020412735641002655, "Train/LagragianMultiplier": 0.02936234325170517, "Train/LR": 0.0002982000005431473, "Loss/Loss_reward_critic": 0.00453171506524086, "Loss/Loss_cost_critic": 1.6828646659851074, "Loss/Loss_actor": -0.017644919455051422, "Time/Rollout": 11.168604850769043, "Time/Update": 21.66126251220703, "Time/Total": 32.829872131347656, "Value/RewardAdv": -9.775161791125697e-10, "Value/CostAdv": 2.2888183792701966e-08, "Risk/Risk Loss": 146.24462890625, "_runtime": 123.71154475212097, "_step": 2, "_wandb": {"runtime": 129}}